{"total loss": 77.64976033578004, "training timing loss": 77.59542066613521, "training choice loss": 0.05433966964483261, "epoch": 49, "_runtime": 7, "_timestamp": 1635626558, "_step": 49, "_wandb": {"runtime": 9}}