{"total loss": 67.5867201908028, "training timing loss": 67.53238052115796, "training choice loss": 0.05433966964483261, "epoch": 49, "_runtime": 6, "_timestamp": 1635626240, "_step": 49, "_wandb": {"runtime": 8}}