{"total loss": 85.0658054233354, "training timing loss": 30.726137149409624, "training choice loss": 54.33966827392578, "epoch": 49, "_runtime": 8, "_timestamp": 1635630064, "_step": 49, "_wandb": {"runtime": 9}}