{"total loss": 26.829272364033386, "training timing loss": 26.774932694388554, "training choice loss": 0.05433966964483261, "epoch": 49, "_runtime": 6, "_timestamp": 1635626603, "_step": 49, "_wandb": {"runtime": 8}}