{"total loss": 4273758.606222153, "training timing loss": 4273756.467634201, "training choice loss": 2.1385879516601562, "epoch": 0, "_runtime": 3, "_timestamp": 1635623226, "_step": 0, "_wandb": {"runtime": 5}}