{"total loss": 16966.762329514415, "training timing loss": 5808.254605859942, "training choice loss": 11158.50772365447, "epoch": 13, "_runtime": 1313, "_timestamp": 1635705130, "_step": 13, "_wandb": {"runtime": 1368}}