{"total loss": 140.24038453924527, "training timing loss": 85.90071626531947, "training choice loss": 54.33966827392578, "epoch": 49, "_runtime": 6, "_timestamp": 1635626649, "_step": 49, "_wandb": {"runtime": 8}}