{"total loss": 282.3851314823007, "training timing loss": 271.4165662276181, "training choice loss": 10.968565254682495, "epoch": 3, "_runtime": 204, "_timestamp": 1635639127, "_step": 3, "_wandb": {"runtime": 235}}