{"total loss": 771.3577328398824, "training timing loss": 769.3216233924031, "training choice loss": 2.036109447479248, "epoch": 0, "_runtime": 4, "_timestamp": 1635622355, "_step": 0, "_wandb": {"runtime": 5}}