{"total loss": 2494518.306652069, "training timing loss": 2494516.2941999435, "training choice loss": 2.0124521255493164, "epoch": 0, "_runtime": 3, "_timestamp": 1635622625, "_step": 0, "_wandb": {"runtime": 5}}