{"total loss": 282.2395367375769, "training timing loss": 282.22843408306596, "training choice loss": 0.01110265451091935, "epoch": 2, "_runtime": 152, "_timestamp": 1635639346, "_step": 2, "_wandb": {"runtime": 166}}