{"total loss": 161.06525801557402, "training timing loss": 149.7284232236464, "training choice loss": 11.336834791927568, "epoch": 1, "_runtime": 161, "_timestamp": 1635638685, "_step": 1, "_wandb": {"runtime": 231}}