{"total loss": 151.85463732346614, "training timing loss": 97.51496904954035, "training choice loss": 54.33966827392578, "epoch": 49, "_runtime": 6, "_timestamp": 1635628972, "_step": 49, "_wandb": {"runtime": 7}}